{"cameraMode":{"drawMode":0,"name":"Shaded","section":"Shading Mode"},"sceneLighting":true,"audioPlay":false,"sceneViewState":{"m_AlwaysRefresh":false,"showFog":true,"showSkybox":true,"showFlares":true,"showImageEffects":true,"showParticleSystems":true,"showVisualEffectGraphs":true,"m_FxEnabled":true},"in2DMode":false,"pivot":{"x":66.06189727783203,"y":-7.027010917663574,"z":196.82534790039063},"rotation":{"x":-0.17545732855796815,"y":0.40468892455101015,"z":-0.07942969352006912,"w":-0.8939430117607117},"size":115.73369598388672,"orthographic":false}